,Non-Holiday,Holiday
Super_Bowl,,1079127.9877037038
Labour_Day,,1042427.293925926
ThanksGivingDay,,1471273.427777778
Christmas,,960833.1115555556
Non_Holiday_mean,1041256.3802088555,
