Holiday_Flag,Weekly_Sales
0,1041256.3802088555
1,1122887.8923555557
