Year,Autumn,Spring,Summer,Winter
2010,1054809.8833703704,1032777.6097777777,1032809.1379191919,1126057.304969697
2011,1060669.7064444444,1022720.5099316238,1023584.6907592593,1075129.676871795
2012,1024200.5039012345,1028824.9979814814,1061249.7526666666,1003274.4782777778
